start_ms,end_ms,target_ticks,actual_ticks,command,command_min,command_max,n
32863.0,37417.0,1967.6239583232,1964.0,549.0,517.0,581.0,157
38230.0,44941.0,1616.5470486072888,1656.0,-4683.0,-4961.0,-4265.0,253
45205.0,51035.0,1695.251736120889,1702.0,-2135.0,-2269.0,-2026.0,213
51322.0,55744.0,1753.2168402716443,1768.9999999886224,-1772.0,-1985.0,-1601.0,152
56095.0,60760.0,1844.3961805482666,1846.0,-139.0,-144.0,0.0,162
60958.0,65226.0,1900.7465277667554,1898.0,317.0,295.0,345.0,144
65534.0,69846.0,2122.749479162311,2095.000000011378,3255.5,3048.0,3441.0,146
70110.0,75258.0,2374.0,2316.0,7427.0,7139.0,7600.0,184
75588.0,79878.0,2231.7199652864,2220.0,3171.0,3171.0,3366.0,146
80076.0,84542.0,2161.1819444451558,2144.999999988622,1813.0,1610.0,1953.0,153
84695.0,91494.0,2374.0,2318.0,7081.0,6593.0,7288.0,257
